<?xml version="1.0" encoding="utf-8"?>
<appengine-web-app xmlns="http://appengine.google.com/ns/1.0">
    <!-- These will be managed using maven filters -->
    <application>@appId@</application>
    <version>@appVersion@</version>
    <runtime>java8</runtime>
    <threadsafe>true</threadsafe>

    <instance-class>@instance-class@</instance-class>

    <system-properties>
        <property name="java.util.logging.config.file" value="WEB-INF/logging.properties"/>
    </system-properties>
</appengine-web-app>
