<?xml version="1.0" encoding="utf-8"?>
<cronentries>
    <cron>
        <url>/cron/export-ofd-data?periodLength=35</url>
        <description>Retrieve OFD data</description>
        <schedule>every day 22:00</schedule>
        <timezone>UTC</timezone>
    </cron>
    <cron>
        <url>/cron/combine-clean-transactions</url>
        <description>Combine clean transactions from active operators</description>
        <schedule>every day 01:00</schedule>
        <retry-parameters>
            <min-backoff-seconds>60</min-backoff-seconds>
            <max-doublings>5</max-doublings>
        </retry-parameters>
        <timezone>UTC</timezone>
    </cron>
    <cron>
        <url>/cron/update-insertion-time</url>
        <description>Update insertion timestamp for combined clean transactions</description>
        <schedule>every day 02:00</schedule>
        <timezone>UTC</timezone>
    </cron>
    <cron>
        <url>/cron/download-passenger-feed-data</url>
        <description>Download PassengerFeed</description>
        <schedule>every day 23:00</schedule>
        <retry-parameters>
            <min-backoff-seconds>60</min-backoff-seconds>
            <max-doublings>5</max-doublings>
        </retry-parameters>
        <timezone>UTC</timezone>
    </cron>
    <cron>
        <url>/cron/export-current-category-mapping</url>
        <description>Export current category mapping</description>
        <schedule>every day 09:30</schedule>
        <retry-parameters>
            <min-backoff-seconds>60</min-backoff-seconds>
            <max-doublings>5</max-doublings>
        </retry-parameters>
        <timezone>UTC</timezone>
    </cron>
    <cron>
        <url>/cron/export-current-category-mapping</url>
        <description>Export current category mapping</description>
        <schedule>every day 03:30</schedule>
        <retry-parameters>
            <min-backoff-seconds>60</min-backoff-seconds>
            <max-doublings>5</max-doublings>
        </retry-parameters>
        <timezone>UTC</timezone>
    </cron>
    <cron>
        <url>
            /task/backup/start?name=DataBackup&amp;kinds=ShopOperator,RentalArea,RentalAreaHistory,OFDBatch,UnmatchedCategoryReport,SubSectionCategory,AirportCatalog,UnmatchedSKUItem,ReceiptDocument
        </url>
        <description>Datastore backup of analytics data</description>
        <schedule>every day 07:40</schedule>
        <timezone>UTC</timezone>
    </cron>
    <cron>
        <url>/cron/ingest-backup-data</url>
        <description>Ingest backup data into BQ</description>
        <schedule>every day 08:50</schedule>
        <retry-parameters>
            <min-backoff-seconds>60</min-backoff-seconds>
            <max-doublings>5</max-doublings>
        </retry-parameters>
        <timezone>UTC</timezone>
    </cron>
    <cron>
        <url>/cron/combine-operator-info-data</url>
        <description>Create flat tables from data store backups</description>
        <schedule>every day 09:00</schedule>
        <retry-parameters>
            <min-backoff-seconds>60</min-backoff-seconds>
            <max-doublings>5</max-doublings>
        </retry-parameters>
        <timezone>UTC</timezone>
    </cron>
    <cron>
        <url>/cron/find-unmatched-skus</url>
        <description>Find unmatched SKUs</description>
        <schedule>every day 09:30</schedule>
        <retry-parameters>
            <min-backoff-seconds>60</min-backoff-seconds>
            <max-doublings>5</max-doublings>
        </retry-parameters>
        <timezone>UTC</timezone>
    </cron>
    <cron>
        <url>/cron/delete-old-individual-receipts</url>
        <description>Remove individual receipts older than 60 days</description>
        <schedule>every day 18:00</schedule>
        <retry-parameters>
            <min-backoff-seconds>60</min-backoff-seconds>
            <max-doublings>5</max-doublings>
        </retry-parameters>
        <timezone>UTC</timezone>
    </cron>
</cronentries>
