<?xml version="1.0" encoding="utf-8"?>
<datastore-indexes autoGenerate="false">
    <datastore-index kind="OFDBatch" ancestor="false" source="manual">
        <property name="status" direction="asc"/>
        <property name="timeStarted" direction="asc"/>
    </datastore-index>
    <datastore-index kind="OFDBatch" ancestor="false" source="manual">
        <property name="status" direction="asc"/>
        <property name="timeStarted" direction="asc"/>
        <property name="timeFinished" direction="asc"/>
    </datastore-index>
    <datastore-index kind="OFDBatch" ancestor="false" source="manual">
        <property name="shopOperator" direction="asc"/>
        <property name="timeFinished" direction="asc"/>
        <property name="timeStarted" direction="asc"/>
    </datastore-index>
    <datastore-index kind="PassengerFeedBatch" ancestor="false" source="manual">
        <property name="status" direction="asc"/>
        <property name="timeStarted" direction="asc"/>
    </datastore-index>
    <datastore-index kind="ReceiptDocument" ancestor="false" source="manual">
        <property name="shopOperator" direction="asc"/>
        <property name="created" direction="asc"/>
    </datastore-index>
</datastore-indexes>
