<?xml version="1.0" encoding="utf-8"?>
<queue-entries>

    <queue>
        <name>ofd-queue</name>
        <mode>push</mode>
        <rate>5/s</rate>
    </queue>

    <queue>
        <name>receipts-queue</name>
        <mode>push</mode>
        <rate>30/s</rate>
        <bucket-size>10</bucket-size>
        <retry-parameters>
            <task-age-limit>35d</task-age-limit>
            <min-backoff-seconds>3600</min-backoff-seconds>
            <max-doublings>5</max-doublings>
        </retry-parameters>
    </queue>

    <queue>
        <name>bq-queue</name>
        <mode>push</mode>
        <rate>1/s</rate>
        <max-concurrent-requests>2</max-concurrent-requests>
    </queue>

    <queue>
        <name>admin-task-queue</name>
        <mode>push</mode>
        <rate>10/s</rate>
        <retry-parameters>
            <min-backoff-seconds>30</min-backoff-seconds>
            <max-backoff-seconds>30</max-backoff-seconds>
        </retry-parameters>
    </queue>

    <queue>
        <name>backup-queue</name>
        <mode>push</mode>
        <rate>1/s</rate>
        <retry-parameters>
            <task-retry-limit>20</task-retry-limit>
            <min-backoff-seconds>120</min-backoff-seconds>
            <max-doublings>5</max-doublings>
        </retry-parameters>
    </queue>

    <queue>
        <name>unmatched-items-index-queue</name>
        <mode>push</mode>
        <rate>1/s</rate>
    </queue>

</queue-entries>
